[{"type":"product","category":"Image","name":"Tamron 17-70mm F/2.8 Di III‑A VC RXD","slug":"tamron1770","price_eur_day":"15","image":"assets/products/tamron1770.webp","featured":false,"includes":"","description":"Objectif polyvalent lumineux."},{"type":"product","category":"Image","name":"Sony FX30 (+2 batteries)","slug":"sony-fx30","price_eur_day":"50","image":"assets/products/sony-fx30.webp","featured":true,"includes":"","description":"Boîtier Super35 compact."},{"type":"product","category":"Image","name":"Moniteur vidéo LILLIPUT A7S 7\" HDMI 4K","slug":"lilliputa7s","price_eur_day":"15","image":"assets/products/lilliputa7s.webp","featured":false,"includes":"","description":"Moniteur de contrôle 7\"."},{"type":"product","category":"Image","name":"Sac de transport Pgytech","slug":"sacpgytech","price_eur_day":"10","image":"assets/products/sacpgytech.webp","featured":false,"includes":"","description":"Sac modulable robuste."},{"type":"product","category":"Image","name":"Batterie Sony NP-FZ100","slug":"batteriesonynpfz100","price_eur_day":"2.5","image":"assets/products/batteriesonynpfz100.webp","featured":false,"includes":"","description":"Batterie pour FX30."},{"type":"product","category":"Image","name":"Carte SD Lexar Professional 128GB","slug":"sdlexar128g","price_eur_day":"9","image":"assets/products/sdlexar128g.webp","featured":false,"includes":"","description":"Carte rapide UHS-I."},{"type":"product","category":"Image","name":"Trépied vidéo","slug":"trepiedvideo","price_eur_day":"8","image":"assets/products/trepiedvideo.webp","featured":false,"includes":"","description":"Trépied fluide."},{"type":"product","category":"Lumière","name":"NEEWER CB300C","slug":"neewercb300","price_eur_day":"35","image":"assets/products/neewercb300.webp","featured":true,"includes":"","description":"COB puissant bi-color."},{"type":"product","category":"Lumière","name":"NEEWER MS150B 130W","slug":"neewerms150b","price_eur_day":"20","image":"assets/products/neewerms150b.webp","featured":false,"includes":"","description":"Projecteur 130W bi-color."},{"type":"product","category":"Lumière","name":"Softbox Tarion","slug":"tarionsoftbox","price_eur_day":"10","image":"assets/products/tarionsoftbox.webp","featured":false,"includes":"","description":"Boîte à lumière."},{"type":"product","category":"Lumière","name":"Pied lumière alu","slug":"piedlumiere","price_eur_day":"5","image":"assets/products/piedlumiere.webp","featured":false,"includes":"","description":"Pied robuste."},{"type":"product","category":"Lumière","name":"Batterie Sony NP-F970","slug":"batteriesonynpf970","price_eur_day":"5","image":"assets/products/batteriesonynpf970.webp","featured":false,"includes":"","description":"Batterie série NP-F."},{"type":"product","category":"Audio","name":"Comica VM40","slug":"comicavm40","price_eur_day":"20","image":"assets/products/comicavm40.webp","featured":true,"includes":"","description":"Micro canon VM40."},{"type":"product","category":"Audio","name":"Hollyland Lark Max 2 Ultimate Combo","slug":"hollylandlarkmax2","price_eur_day":"17","image":"assets/products/hollylandlarkmax2.webp","featured":false,"includes":"","description":"HF double émetteur."},{"type":"product","category":"Audio","name":"Perche Rode","slug":"perchesonrode","price_eur_day":"11","image":"assets/products/perchesonrode.webp","featured":false,"includes":"","description":"Perche micro."},{"type":"pack","category":"Packs","name":"FX30 + 17/70mm","slug":"pack-fx30-1770","price_eur_day":"60","image":"assets/products/sony-fx30.webp","featured":true,"includes":"sony-fx30,tamron1770","description":"Pack de base image."},{"type":"pack","category":"Packs","name":"FX30 + 17/70mm + carte SD","slug":"pack-fx30-1770-sd","price_eur_day":"65","image":"assets/products/sdlexar128g.webp","featured":false,"includes":"sony-fx30,tamron1770,sdlexar128g","description":"Pack avec stockage."},{"type":"pack","category":"Packs","name":"FX30 + 17/70mm + carte SD + retour vidéo","slug":"pack-fx30-1770-sd-retour","price_eur_day":"75","image":"assets/products/lilliputa7s.webp","featured":false,"includes":"sony-fx30,tamron1770,sdlexar128g,lilliputa7s","description":"Ajout du moniteur."},{"type":"pack","category":"Packs","name":"FX30 + 17/70mm + trépied + carte SD","slug":"pack-fx30-1770-trepied-sd","price_eur_day":"80","image":"assets/products/trepiedvideo.webp","featured":false,"includes":"sony-fx30,tamron1770,trepiedvideo,sdlexar128g","description":"Avec trépied."},{"type":"pack","category":"Packs","name":"FX30 + 17/70mm + trépied + carte SD + retour vidéo","slug":"pack-fx30-1770-trepied-sd-retour","reference":"","price_eur_day":"90","image":"assets/products/pack-fx30-1770-trepied-sd-retour-studio.png","featured":false,"includes":"sony-fx30,tamron1770,trepiedvideo,sdlexar128g,lilliputa7s","description":"Complet image.","order":0},{"type":"pack","category":"Packs","name":"CB300C + softbox + pied alu","slug":"pack-cb300c-softbox-pied","price_eur_day":"42","image":"assets/products/neewercb300.webp","featured":true,"includes":"neewercb300,tarionsoftbox,piedlumiere","description":"Pack lumière 300C."},{"type":"pack","category":"Packs","name":"MS150B + softbox + pied alu","slug":"pack-ms150b-softbox-pied","price_eur_day":"27","image":"assets/products/neewerms150b.webp","featured":false,"includes":"neewerms150b,tarionsoftbox,piedlumiere","description":"Pack MS150B."},{"type":"pack","category":"Packs","name":"MS150B + CB300C + softbox + pieds x2","slug":"pack-ms150b-cb300c-softbox-2pieds","price_eur_day":"60","image":"assets/products/neewercb300.webp","featured":false,"includes":"neewerms150b,neewercb300,tarionsoftbox,piedlumiere","description":"Combo 2 lights."},{"type":"pack","category":"Packs","name":"MS150B + 2 Batteries NP-F970","slug":"pack-ms150b-2xnpf970","price_eur_day":"27","image":"assets/products/batteriesonynpf970.webp","featured":false,"includes":"neewerms150b,batteriesonynpf970","description":"Autonomie terrain."},{"type":"pack","category":"Packs","name":"MS150B + softbox + pied + 2x NP-F970","slug":"pack-ms150b-softbox-pied-2xnpf970","price_eur_day":"35","image":"assets/products/neewerms150b.webp","featured":false,"includes":"neewerms150b,tarionsoftbox,piedlumiere,batteriesonynpf970","description":"Complet autonome."},{"type":"pack","category":"Packs","name":"Pieds lumière x2","slug":"pack-2-pieds","price_eur_day":"7","image":"assets/products/piedlumiere.webp","featured":false,"includes":"piedlumiere","description":"Deux pieds."},{"type":"pack","category":"Packs","name":"Prêt à tourner — FX30 + kit complet","slug":"pack-pret-a-tourner","price_eur_day":"165","image":"assets/products/sony-fx30.webp","featured":true,"includes":"sony-fx30,tamron1770,sacpgytech,trepiedvideo,sdlexar128g,neewercb300,neewerms150b,tarionsoftbox,piedlumiere,comicavm40,perchesonrode,hollylandlarkmax2","description":"Pack complet image + lumière + son."}]