[{"title":"Pub locale – Caméra FX30","slug":"pub-locale-fx30","image":"assets/realisations/pub-fx30.jpg","url":"https://vimeo.com/example","date":"2024-08-11","tags":"Client X","featured":true,"description":"Spot 30s tourné à Saint-Denis avec notre FX30."},{"title":"Corporate - Interview PDG","slug":"corporate-interview","image":"assets/realisations/interview.jpg","url":"https://youtube.com/example","date":"2024-07-15","tags":"Entreprise Y","featured":false,"description":"Interview corporate avec éclairage professionnel."},{"title":"Clip musical - Artiste local","slug":"clip-musical","image":"assets/realisations/clip.jpg","url":"https://vimeo.com/example2","date":"2024-06-20","tags":"Artiste Z","featured":true,"description":"Clip tourné en extérieur avec kit complet."}]