{"assets/products/trepiedvideo.webp":{"best":"assets/products/trepiedvideo.webp","sizes":{"avif":"assets/products/trepiedvideo-w320.avif 320w,assets/products/trepiedvideo-w640.avif 640w,assets/products/trepiedvideo-w960.avif 960w,assets/products/trepiedvideo-w1280.avif 1280w","webp":"assets/products/trepiedvideo-w320.webp 320w,assets/products/trepiedvideo-w640.webp 640w,assets/products/trepiedvideo-w960.webp 960w,assets/products/trepiedvideo-w1280.webp 1280w"}},"assets/products/pack-fx30-1770-trepied-sd-retour-studio.png":{"best":"assets/products/pack-fx30-1770-trepied-sd-retour-studio.png"}}